weather_desc,avg_sale
clear sky,54.98884745762712
few clouds,55.57650943396226
overcast clouds,54.97205342237062
